PDB,Residue #,AA following Asn,attack_distance,Half_life,norm_B_factor_C,norm_B_factor_CA,norm_B_factor_CB,norm_B_factor_CG,secondary_structure,PSA,PSSA,Psi,Phi,Chi1,Chi2,Deamidation
11BG,67,GLY,3.836717999,1.02,1.458769687,1.461145071,1.363754332,1.380382019,3,81.201,78.981,6.702,-88.125,-48.65848674,168.4486629,Yes
11BG,17,SER,4.811927057,11.8,0.691520694,0.705772998,1.183225157,1.619108099,4,117.709,131.66,-17.188,-86.972,161.882868,115.2512476,No
11BG,71,CYS,4.11450957,55.5,0.173687009,0.481299221,0.573939192,0.781785282,4,40.644,58.449,31.737,-98.681,-58.63138468,133.1219865,No
11BG,44,THR,3.330903031,49.9,-1.242041783,-1.30142638,-1.351309441,-1.519961696,2,12.25,17.144,137.768,-157.05,69.62383087,-110.1625793,No
11BG,94,CYS,4.974349204,60,1.413637394,1.63811117,1.920781852,2.15238178,4,81.002,113.634,68.237,-102.601,174.7438199,-60.78612701,No
11BG,27,LEU,4.51785137,119,-0.89761112,-0.904737272,-0.820411144,-0.604251211,1,38.305,46.268,-46.568,-56.799,162.7873661,157.0624646,No
11BG,24,TYR,4.759601454,64.7,-0.6648235,-0.452226643,-0.042472924,0.306708506,1,29.176,44.548,-7.247,-91.447,173.9046719,139.8527058,No
1A1N,17,GLY,4.563045693,1.45,1.137423246,1.089820306,1.089130408,1.168468642,3,55.783,44.435,127.493,-49.803,168.091347,151.4043148,Yes
1A1N,42,GLY,4.973686962,1.02,0.507546659,0.443386174,0.508236557,0.426138732,3,55.135,56.523,41.344,62.078,169.3789048,134.3767421,Yes
1A1N,21,PHE,3.148207585,52.2,0.210890654,0.404062006,0.231587585,0.354389373,2,3.003,1.512,-158.125,-167.046,87.43275618,150.9094086,No
1A1N,24,CYS,4.498375707,53.5,-0.718401529,-0.620436057,-0.905363801,-1.106124028,2,7.568,11.556,142.323,-114.905,163.251594,158.1703599,No
1A1N,83,HIS,3.62573827,10.2,-0.522470586,-0.349996164,-0.251340795,0.137071602,2,31.302,43.375,134.983,-126.189,89.61400436,-6.854296297,No
1ADO,360,HIS,4.934470691,8.3,2.817956786,2.720155816,2.685075033,2.626607061,4,75.713,92.656,81.868,27.524,-179.3885473,178.6195939,Yes
1ADO,119,GLY,4.331986842,1.04,-0.416385092,-0.371736822,-0.166035868,0.069962126,4,75.044,91.328,65.062,-88.414,75.1337764,-5.370511154,No
1ADO,180,GLY,4.955963781,1.03,-0.493988036,-0.524816602,-0.484952076,-0.257990042,3,22.761,23.178,24.099,-109.388,169.8916303,-71.68528663,No
1ADO,231,MET,4.00341729,78.4,-0.738490462,-0.757093907,-0.588068317,-0.469006266,4,6.293,6.196,152.846,-81.914,-65.79374438,96.72928184,No
1ADO,334,SER,4.738292731,14.9,-0.593915114,-0.527474237,-0.7156348,-0.726265341,1,0,0,-28.426,-73.627,160.9682233,124.1745676,No
1ADO,284,ALA,3.815058322,25.1,-0.750184056,-0.693310666,-0.696499828,-0.713508692,1,10.901,16.644,-46.63,-67.803,65.25132906,-105.1174516,No
1ADO,166,ALA,4.671169661,25.8,-0.987245104,-0.902200782,-0.919209646,-0.74593184,1,2.727,4.164,-38.993,-64.132,156.0387556,91.43806696,No
1ADO,50,THR,3.949272085,36.8,1.232943232,1.277591501,1.147898909,0.998539819,4,30.602,19.28,81.395,-89.068,50.61393236,-128.1534464,No
1ADO,282,LEU,4.64141961,154,-0.707130368,-0.611455506,-0.476979171,-0.478573752,1,0.66,1.008,-39.632,-65.904,155.9979899,145.871772,No
1ADO,319,LEU,4.873067617,130,1.152151126,1.319582135,1.205303827,1.163313193,1,16.637,25.402,4.073,-80.544,170.6334057,-9.412081949,No
1ADO,287,LYS,4.791401674,64.4,-0.410538294,-0.567338763,-0.56787029,-0.624212154,1,25.222,16.574,-18.98,-74.547,145.5274687,99.92298833,No
1ADO,70,PRO,4.551342329,999,-0.119793018,-0.084712235,-0.001794021,0.061457694,3,26.256,33.555,-55.02,-49.317,164.9949752,-161.1318368,No
1ADO,168,VAL,4.07117219,254,-0.891570242,-0.917083538,-0.892101769,-0.977146091,1,44.463,67.386,-38.233,-67.629,69.35882055,-105.0005685,No
1ADO,54,ARG,4.648466521,80.9,0.301707904,0.360175875,0.490931521,0.784334432,1,29.013,44.299,-35.605,-63.666,161.1751498,-179.0318247,No
1AFK,67,GLY,3.706909629,1.02,-0.275077308,-0.265177614,-0.260677753,-0.304776391,3,71.832,64.94,-0.308,-85.068,-49.84518913,163.3881104,Yes
1AFK,24,TYR,4.68836368,64.7,0.444900454,0.683393087,1.028982413,1.46096907,3,48.715,74.383,11.888,-102.347,102.1672359,80.11677131,No
1AFK,44,THR,3.25784837,49.9,-0.510870025,-0.490170664,-0.557668579,-0.493770553,2,2.727,0,146.609,-163.669,72.1044451,-114.1053191,No
1AFK,103,LYS,4.732092138,55.9,-0.386673861,-0.293076752,-0.10408259,0.146109683,2,72.929,80.463,102.681,-122.992,165.513644,97.94121631,No
1AFK,71,CYS,4.155663244,55.5,-1.013054513,-0.934756932,-0.995055069,-1.017554374,4,17.487,24.652,32.369,-93.34,-63.95685596,137.2320379,No
1AFK,94,CYS,4.934157983,60,0.531297785,0.720291947,0.951584803,1.171178021,4,65.25,88.186,66.878,-91.252,176.5825479,-61.96807295,No
1AFK,62,VAL,3.552211424,246,-0.815960601,-0.777261797,-0.609866967,-0.433472415,2,60.843,62.058,123.443,-74.95,64.04745796,40.30021342,No
1AFK,113,PRO,3.535983314,999,0.344103567,0.229807097,0.494398925,0.843588139,3,106.471,120.823,112.103,-136.109,48.72533696,-99.76968709,No
1AFK,34,LEU,4.950435738,128,0.326104123,0.184808487,0.700492559,1.112679827,3,56.481,75.937,35.567,61.081,169.4971883,113.7793324,No
1BZY,106,ASP,4.23816163,30.6,-0.042127629,-0.325905992,0.052144505,0.394602461,3,21.672,29.678,-120.385,62.495,176.974155,-37.49099306,Yes
1BZY,202,HIS,4.49958687,10.7,-0.612570236,-0.625075723,-0.001725286,0.369591486,4,49.737,67.377,-37.881,-73.643,111.0155703,-163.5446024,No
1BZY,25,HIS,4.374414932,12.8,-0.021926458,0.269547589,0.997751726,1.748080955,1,99.068,126.512,-43.953,-50.839,-162.2749411,132.906457,No
1BZY,128,VAL,4.835125024,246,-0.408634599,-0.103693105,-0.047899393,0.085813124,2,6.92,10.565,115.142,-90.699,-171.7924683,-58.51660148,No
1BZY,87,SER,4.891200671,14.3,0.3936405,0.046372741,-0.489439285,-0.576015735,3,81.76,82.65,3.496,-119.869,157.0430217,110.9620288,No
1BZY,195,GLU,4.937221283,41,-0.616418078,-0.531765549,-0.335525597,0.217601719,3,24.626,17.07,46.391,56.746,174.892955,138.8951662,No
1BZY,153,PRO,4.961810355,999,0.339770709,0.387868737,0.691848271,1.045849753,4,76.263,104.481,64.646,50.745,177.0050028,118.1192507,No
1BZY,85,ARG,4.659343409,62.1,-0.407672638,-0.601026709,-0.544271037,0.058878228,1,23.017,22.436,-38.237,-59.127,149.1529797,176.185424,No
1CDJ,52,ASP,3.511592374,32.1,-1.143999197,-1.339054615,-1.434271241,-1.224424891,1,33.029,46.854,-52.932,-55.706,47.42697667,94.23061177,Yes
1CDJ,30,SER,3.582257808,15.6,-0.598583572,-0.679933699,-0.416470219,-0.426638985,2,19.898,30.382,177.819,-107.145,-58.1640807,152.6540874,No
1CDJ,103,SER,4.343472689,14.9,0.802857254,0.686378663,0.890678414,1.542403864,4,61.941,76.97,62.32,-61.797,70.06357982,157.6502197,No
1CDJ,137,ILE,3.480965096,313,1.450884971,1.669975655,2.029580194,2.3771671,4,19.754,20.281,170.881,-146.132,-52.10198784,149.538751,No
1CDJ,66,PHE,4.146220086,64,-0.840785087,-0.999787608,-1.076515569,-0.404452587,4,28.72,43.852,134.241,-118.068,130.6251108,71.07302303,No
1CDJ,73,LEU,4.070318538,119,0.022635581,-0.010644017,0.55510914,0.796386221,4,46.096,63.295,70.819,38.413,58.76340293,-95.93669173,No
1CDK,340,GLU,4.597318458,58.6,1.383280356,1.678537864,1.865134614,2.306522107,4,67.562,101.598,132.457,-116.856,176.361625,117.3743021,No
1CDK,67,HIS,3.972842056,9.2,0.230726936,1.031069623,1.530159726,2.080957361,4,55.392,84.057,132.148,-73.493,121.8173143,86.86936172,No
1CDK,283,LEU,4.418575562,104,0.526733829,0.301169083,-0.005329193,-0.033805806,4,26.172,20.851,11.142,-108.319,78.73712223,35.42378761,No
1CDK,99,PHE,3.843461461,66.6,-0.492429143,-0.710500044,-0.528399601,0.498257217,4,72.002,98.711,99.505,-151.08,50.98902258,-107.730303,No
1CDK,36,THR,4.890182512,39.8,0.092090797,0.214240477,0.654878585,0.110076026,4,56.463,55.014,72.551,17.085,173.3330324,62.60476606,No
1CDK,216,LYS,3.161085099,55.1,-0.608583746,-0.231643324,0.331893849,0.024646188,4,27.496,39.901,-161.41,-133.325,-47.87373102,158.3786875,No
1CDK,326,PHE,4.815658937,52.2,-0.390512846,-0.305832393,-0.183682713,-0.146962871,3,14.392,11.572,0.233,-75.051,150.9533137,-61.10310265,No
1CDK,289,ASP,4.847165357,33.5,-0.030058883,0.037385726,0.243466474,0.575443824,1,31.589,47.224,-20.464,-67.586,165.2135873,-48.56635666,No
1CDK,293,HIS,4.869072807,10.5,1.119496999,0.872949486,0.803256724,0.896929791,1,67.182,75.082,2.735,-97.787,-179.856357,136.9426515,No
1CDK,113,SER,4.555185287,17,-0.469947607,-0.904590639,-0.406999306,0.475026296,4,29.917,45.176,-32.271,-64.606,163.2159736,-166.7846838,No
1CDK,32,PRO,4.995808743,999,0.268196163,0.219486168,0.383601382,1.164460071,4,77.083,98,80.315,-116.619,-173.5717003,99.64824516,No
1CDK,90,GLU,4.487439025,56.7,-1.345228747,-1.469626581,-1.596272568,-0.768952038,1,15.113,22.035,-43.818,-65.001,163.4801759,156.295636,No
1CDK,271,LEU,4.803845647,128,0.245714627,-0.211409941,-0.350046081,0.184265095,1,25.812,39.412,-25.418,-71.724,151.2003801,-46.10454118,No
1CDK,115,LEU,4.449493567,110,-0.595094825,-0.817662033,-1.028239088,-0.643055435,2,4.47,6.825,172.017,-131.431,-174.5481177,129.252742,No
1CDK,171,LEU,4.939609701,130,-0.802674342,-1.213337069,-1.470375965,-0.946556173,1,7.982,12.187,6.228,-105.492,165.1656714,165.59285,No
1CLY,28,GLY,4.618634972,1.03,1.0821943,1.104973962,1.218492615,1.242411261,4,91.311,120.328,6.756,58.458,84.89268032,-65.34821755,Yes
1CLY,30,THR,3.087963245,39.8,0.439807812,0.771251904,1.08940786,1.287211264,4,44.674,59.43,165.539,73.27,80.23657147,-100.7172332,No
1CLY,53,ARG,4.666190095,59.7,-0.628178708,-0.721954986,-0.629697352,-0.315338007,2,39.976,57.916,122.202,-76.368,172.507775,78.60862278,No
1CLY,138,PHE,4.886914262,64,-0.090958329,-0.056788835,0.125448466,0.377163739,2,36.606,44.193,82.603,19.643,164.041318,-59.99473782,No
1CLY,152,ALA,4.411538734,24,2.367346937,2.315333374,2.280024897,2.23408591,3,83.736,111.166,9.297,-159.679,74.0248995,63.41929164,No
1CLY,158,SER,4.997814222,11.8,1.710153668,1.836580796,1.915550293,1.99414013,4,47.655,66.031,43.47,-75.423,160.797203,-85.80348523,No
1CLY,210,ARG,4.79189691,61.2,1.64181468,1.721163838,1.828987575,1.937570634,2,77.854,98.839,125.363,-106.436,-169.3132759,-107.3918773,No
1DPX,103,GLY,4.850030722,1.03,-0.491133968,-0.219735523,0.027358584,0.761889698,4,77.888,109.302,18.325,-107.81,174.0823954,135.3282231,Yes
1DPX,106,ALA,4.753763456,22.1,-0.588351321,-0.724725664,-0.732827111,-0.582950357,1,36.272,41.7,-12.303,-65.585,173.6135635,109.5867264,Yes
1DPX,59,SER,3.172070144,14.5,-0.29534902,-0.376363481,-0.169776605,0.556653063,2,17.402,24.555,141.721,-89.221,65.39803395,67.97916979,No
1DPX,113,ARG,4.766832177,67.4,-0.534341681,-0.581600116,-0.615356142,-0.553245055,1,69.263,63.735,-22.21,-82.45,161.262469,151.0146082,No
1DPX,46,THR,4.540957718,50.7,0.008455209,-0.087411903,-0.245390102,0.52559752,4,29.736,34.968,159.32,-93.411,-177.9451608,-44.97776602,No
1DPX,19,TYR,4.919256346,70.4,-0.011798406,0.215042085,1.296585142,2.744043515,3,66.118,79.473,19.268,70.931,166.1415252,122.1724361,No
1DPX,74,LEU,4.290871823,128,0.08946967,0.14212907,-0.353409384,-0.032052021,4,34.687,32.763,67.505,-136.561,64.72332006,-169.8877109,No
1DPX,44,ARG,4.649385981,51.2,-0.407419025,-0.538392404,-0.365561553,-0.045554432,2,52.875,79.189,125.659,-143.314,169.256546,105.9468143,No
1DPX,39,THR,3.819263934,39,-0.638310239,-0.634259516,-0.442525291,-0.657213613,4,34.001,51.915,113.48,-99.628,69.64335546,162.7529372,No
1DPX,65,ASP,3.251118115,30.6,-0.63966048,-0.600503491,-0.484382763,-0.021250093,4,56.117,77.851,125.852,-104.363,55.25811031,-122.7767824,No
1DPX,93,CYS,4.557945809,63.2,-0.449276496,-0.399317579,-0.125218652,1.130505497,1,56.228,80.004,-41.085,-58.729,165.2621943,-22.33306342,No
1DPX,27,TRP,4.554460012,77.1,-0.654513131,-0.819242536,-0.842196633,-0.469530112,1,15.019,22.932,-43.842,-59.513,156.7204688,106.3313639,No
1DPX,77,ILE,4.270374574,304,0.027358584,-0.076609975,0.19478847,0.622814873,4,84.284,108.185,58.062,50.098,70.18345737,29.4239678,No
1DPX,37,PHE,4.485921422,52.2,-0.519489029,-0.562696742,0.090819911,0.582307643,3,59.247,83.589,33.172,56.899,80.92902528,-156.7410616,No
1H3U,384,GLY,3.311432771,0.96,2.197765647,2.180198266,2.458766726,2.713075471,4,99.805,124.96,-99.223,-108.963,80.96252084,-133.9553225,Yes
1H3U,390,TYR,4.327231563,63.6,-0.14204211,0.062910661,0.11477626,0.321402115,4,61.63,85.015,57.31,-81.63,72.16714226,9.943586515,No
1H3U,276,TRP,4.646155723,102,-0.334446752,-0.374600765,-0.384639268,-0.125311272,2,14.805,21.043,131.385,-129.894,173.0217071,100.9909481,No
1H3U,286,ALA,3.456943882,24.6,0.919529589,0.522172176,-0.239917515,0.134016724,4,92.502,109.787,123.097,-15.193,13.91306528,-68.68653044,No
1H3U,297,SER,3.17487921,11.9,1.641465268,1.57705154,1.513474354,1.470810716,4,88.397,82.425,-73.885,-51.677,-91.8990732,-148.6583222,No
1H3U,312,TRP,4.501158295,77.1,-1.174334842,-1.24711399,-1.230383151,-1.222854274,1,21.989,33.574,-48.461,-61.95,150.2880663,-172.4984212,No
1H3U,325,LYS,3.429715149,55.5,0.759750082,0.633432252,0.655182342,0.745528869,2,12.191,5.189,136.057,-151.891,67.4942777,-110.5091729,No
1H3U,421,VAL,4.564892332,224,0.964702853,1.055049381,1.184713379,1.350348679,4,33.383,46.287,147.497,-49.841,177.9076905,10.08534981,No
1H3U,434,HIS,4.909193213,10.7,-0.649823057,-0.471639628,-0.295965824,-0.142878652,3,78.221,97.235,37.179,-100.806,178.5670712,-71.05022469,No
1HGU,149,SER,4.199806067,14.9,1.050932554,1.146696995,1.17826769,1.26245621,4,70.474,97.559,84.778,-151.434,-96.82241909,-69.51607571,Yes
1HGU,99,SER,3.725766901,14.9,0.09118343,0.152220107,0.092235787,0.078555152,4,61.981,82.435,129.234,-69.476,26.91295949,-158.6575454,No
1HGU,63,ARG,3.336940365,59.7,1.900184246,2.068561285,2.078032493,2.132755031,4,80.299,119.13,160.271,-154.379,81.06865787,52.76992171,No
1HGU,12,ALA,3.355910309,21.1,-1.366330316,-1.35896382,-1.332654908,-1.386325089,1,36.178,47.549,-52.718,-38.977,41.76743221,106.670623,No
1HGU,72,LEU,4.686466259,110,0.209047358,0.380581466,0.725754397,0.963586965,1,42.052,57.675,-25.219,-48.139,153.4595821,148.8848119,No
1HGU,159,TYR,4.325683645,96.7,-0.915921736,-0.846466207,-0.598110074,-0.117183156,1,9.658,13.722,-51.649,-48.234,133.4594975,87.84701812,No
1LFO,105,GLY,4.879499769,1.15,-0.729573278,-0.92900279,-1.106399013,-0.727313454,4,58.605,69.521,81.241,-144.125,166.2885618,121.7964751,Yes
1LFO,89,LYS,3.785753426,75.9,-0.360091974,-0.077048956,-0.464608856,-0.482122496,3,15.382,23.486,10.719,-132.32,-63.80317822,154.9898103,No
1LFO,61,GLU,4.320303346,69.4,-0.34596807,-0.556131748,-0.535793328,-0.03411229,2,16.778,17.57,147.713,-140.702,152.0741462,119.8767442,No
1LFO,2,PHE,3.542592695,61.9,0.799762948,0.950606233,0.729708389,1.052298336,4,60.525,72.685,114.105,66.883,58.81317396,-165.7804114,No
1LFO,111,THR,3.335585856,50,-1.123912653,-1.079281119,-0.721098936,-0.562911222,2,17.291,25.898,134.831,-114.567,66.98569896,92.08878048,No
1LFO,14,PHE,4.92246808,70.2,-0.540312977,-0.444835392,-0.31546044,-0.215463206,4,48.376,60.21,35.967,59.894,172.6047004,137.3637025,No
1M47,30,TYR,4.887789889,63.6,0.315103729,0.313786586,0.592362219,0.833399291,3,90.091,99.404,-1.014,-91.935,145.0809081,71.80478824,No
1M47,26,GLY,4.636752527,1.08,-0.537746022,-0.641800277,-0.703047402,-0.589773149,1,62.449,92.328,-41.623,-61.997,167.59175,154.0293048,No
1M47,119,ARG,4.51658134,62.1,-0.618750284,-0.617433141,-0.516671742,-0.44620462,1,47.246,70.157,-47.748,-54.01,160.0455414,-31.15653651,No
1M47,71,LEU,4.595367232,155,-0.176848984,-0.24402325,-0.031304741,0.126752355,1,46.348,55.558,-43.94,-59.275,153.8002451,-30.42389401,No
1M47,33,PRO,4.698426652,999,-0.253243248,-0.131407569,-0.033939026,0.04377238,1,77.639,113.036,-47.623,-59.816,160.580941,141.7528459,No
1M47,90,VAL,4.096413187,295,-0.666825984,-0.562771729,-0.298026092,0.068798086,1,35.984,54.944,-46.931,-56.885,82.23213377,-21.18020051,No
1M47,88,ILE,3.836128908,285,-0.363883215,-0.234144682,0.141240922,0.471185111,1,44.562,63.407,-40.99,-65.762,60.90769576,-145.3060131,Yes
1MSO,18,TYR,4.732767584,94.5,-0.046349565,-0.080806047,0.391739983,0.728921264,1,82.238,91.801,-12.529,-68.642,171.211425,142.3756378,No
1MTW,115,SER,3.390835885,16.7,-0.155664202,0.925279609,0.106110689,0.043257087,4,49.215,52.028,-161.394,-152.389,-66.8265856,-125.2916425,Yes
1MTW,95,SER,3.801867173,11.9,-0.371852965,-0.378759954,-0.771076941,-0.034101192,4,42.041,61.589,109.318,-118.769,68.66529142,127.2444439,Yes
1MTW,48,SER,3.484425634,14.5,0.358906494,0.276022623,-0.260650438,-0.162571192,4,28.146,41.934,179.685,-165.84,-55.36910447,-138.4078212,Yes
1MTW,97,THR,4.585126716,45.7,-0.391192534,-0.595639415,-0.127345547,0.15653171,3,98.628,108.572,-37.093,-79.534,169.3307694,-26.193085,No
1MTW,223,LYS,4.918551921,53.5,0.865188803,-0.320741244,-0.252362051,2.805362072,3,59.05,86.751,23.285,52.727,160.0066009,123.0807336,No
1MTW,25,THR,4.92724355,43.5,-0.364945975,-0.124582751,-0.146685116,0.454222945,3,16.914,7.575,29.5,57.509,-179.6648204,116.1508714,No
1MTW,143,THR,3.35990982,39.8,-0.376687857,-0.6053092,-0.410532104,-0.032719794,4,7.26,11.085,135.118,-56.483,64.95022383,-167.5419849,No
1MTW,79,GLU,4.849171166,73.9,-0.249599256,-0.085903611,0.166201495,1.995172238,4,38.178,49.825,14.36,-109.186,176.3505988,115.0092456,No
1MTW,72,ILE,3.725474601,298,-0.760716457,-0.52864162,-0.551434684,0.202808538,4,19.129,29.208,115.09,-90.012,69.61553162,135.8318046,No
1MTW,74,VAL,4.876688015,295,-0.288969094,-0.380832051,-0.337318019,-0.331101728,3,81.715,83.169,-2.961,-108.523,151.6662187,138.1121573,No
1MTW,179,MET,4.843647902,54.9,-0.45819033,-0.59909291,-0.396718126,-0.139087428,3,16.561,23.825,15.698,-98.753,174.7456008,129.9154278,No
1MTW,233,TYR,4.741798077,83.9,-0.187436353,-0.364255276,-0.699244253,-0.394646029,1,48.207,33.922,-10.542,-84.517,169.3413206,178.4606448,No
1MTW,101,ASP,4.963394504,28,-0.491343878,-0.735160597,-0.305545868,-0.474767104,3,11.059,16.382,45.065,65.669,-178.1792829,-61.49007224,No
1POH,12,GLY,4.93091888,1.18,0.231847991,0.257214044,-0.181256304,0.871072531,3,81.62,103.432,27.732,-103.194,164.7570074,-42.13168477,Yes
1POH,38,GLY,4.383782157,0.96,-0.437815813,-0.404477572,-0.148642807,-0.239235854,3,87.039,107.636,39.617,51.113,62.11862986,33.11288526,Yes
1RTU,68,GLY,4.875651649,1.49,-0.051287686,0.202134937,1.076851733,1.571434595,4,104.557,121.988,49.622,49.363,173.535122,115.6123198,No
1RTU,32,GLY,4.848712303,1.05,0.361545942,0.523000678,1.299618394,1.88003795,3,88.861,96.386,3.381,-107.049,167.7292117,125.4517561,Yes
1RTU,77,TYR,4.031528494,70.4,-0.586745164,-0.359891042,-0.558132932,-0.065593802,4,63.721,96.774,84.535,-147.76,64.31250894,-119.6642289,No
1RTU,16,ASP,3.31454386,30.3,-0.809511825,-0.793161978,-0.298579117,0.099948396,1,52.799,77.172,-34.715,-58.861,-72.23530311,175.5923656,No
1RTU,8,CYS,3.813802433,55.5,-0.319016425,-0.173911536,0.249140746,0.813210456,2,42.318,60.178,108.986,-110.545,72.41313668,146.1594348,No
1RTU,91,THR,4.815083177,50,1.033933386,1.038020847,1.489685361,1.998574338,3,89.586,95.774,-17.182,-76.446,160.0904271,146.4379422,No
1RTU,12,VAL,4.738471484,224,0.179653898,0.334977441,0.361545942,0.950140422,4,36.516,55.757,116.32,-87.485,170.4558908,151.7040113,No
1RTU,38,TYR,4.944048847,70.4,-0.114643342,-0.045156494,0.870434919,1.747195446,1,80.706,110.489,22.927,67.244,165.8991791,-25.7507774,No
1RTU,20,THR,4.002141177,46.3,-1.101765334,-1.058846986,-1.081328025,-0.709369014,1,43.049,65.731,-42.5,-59.112,66.43269127,-121.4585656,No
2AFG,18,GLY,3.880923215,0.96,0.193603111,-0.703753739,-1.548871186,-0.584183551,3,22.818,9.491,-63.526,-52.188,51.24601536,-145.654513,No
2AFG,114,GLY,3.264441453,1.02,0.798419306,-0.205157663,-0.60275756,-0.370582438,4,67.768,64.436,-18.943,-82.383,-62.17295166,179.1563737,No
2AFG,92,HIS,3.53807589,9,0.407204224,-0.363036746,-0.113448489,1.385241928,3,55.653,55.687,3.733,-82.435,-71.0704,-140.9100601,No
2AFG,80,GLU,3.280513832,92,0.492528581,0.591783446,-0.86221326,-0.707236366,4,41.95,59.368,-178.501,-153.099,-53.53629959,-175.7849906,No
2AFG,106,TRP,5.097815807,98.1,-0.118672429,-0.385093383,0.660855545,2.019080014,3,65.517,96.625,41.551,59.903,170.0640606,-47.73337141,No
2AFG,95,THR,4.301366876,38.1,-0.24811006,-0.312538657,-0.992811767,0.170966036,2,13.251,20.232,155.509,-108.22,162.6126939,24.407361,No
3AGN,32,GLY,4.783229139,1.05,0.886925978,1.341341113,1.786189615,3.603850158,3,78.191,82.563,-7.593,-79.162,168.1459243,162.4308237,Yes
3AGN,8,CYS,3.746509042,55.5,-0.658085484,-0.342386548,-0.017120977,0.70994324,2,39.72,57.187,105.042,-108.765,60.98315292,155.0646507,No
3AGN,12,VAL,4.777648376,224,-0.47631943,-0.251503521,-0.151053859,0.260311422,4,36.516,55.757,108.159,-90.101,172.7072348,151.6642288,No
3AGN,16,ASP,3.18726152,30.3,-0.887684711,-0.811151635,-0.68200207,-0.395003037,1,45.43,68.878,-36.77,-57.437,-62.35494162,130.5664952,No
3AGN,20,THR,3.651275941,46.3,-1.007267641,-1.012050958,-1.035967544,-0.858984807,1,54.457,82.663,-43.84,-58.013,53.63165248,-98.96252545,No
3AGN,38,TYR,4.968546468,70.4,-0.021904294,0.432510842,1.240891452,3.47948391,1,77.846,110.054,25.443,62.335,165.6981565,149.1073298,No
3AGN,68,GLY,4.89704125,1.49,-0.600685678,-0.59590236,-0.442836209,-0.418919623,4,102.598,113.52,44.417,53.984,-169.741595,124.1938343,No
3AGN,77,TYR,4.014212999,70.4,-0.524152602,-0.395003037,-0.232370252,0.403810938,4,64.382,95.767,86.361,-155.871,67.31652657,-109.034082,No
3AGN,91,THR,4.735588031,50,0.021145561,-0.194103714,0.083328685,0.509043917,3,86.625,88.262,-19.7,-75.37,167.97979,158.8368584,No
3AHW,32,GLY,3.984329555,1.05,-0.13078996,-0.21444434,-0.006750706,-0.061558748,4,37.475,39.449,150.822,-160.24,-68.7622859,98.54570424,Yes
3AHW,8,CYS,3.815046789,55.5,-0.439445777,-0.243290678,0.071134406,0.610560928,2,37.113,55.155,104.116,-116.309,64.77317074,152.8227371,No
3AHW,12,VAL,4.771053238,224,-0.122136058,-0.021173875,-0.122136058,0.039403435,4,36.846,56.26,113.215,-94.03,173.5156667,152.7904531,No
3AHW,16,ASP,3.306744774,30.3,-0.750986227,-0.681755016,-0.44233041,-0.303867988,1,32.402,47.491,-38.257,-53.617,-71.99898029,156.8290291,No
3AHW,20,THR,3.732473443,46.3,-0.886564016,-1.016372537,-0.823102072,-0.664447213,1,39.384,59.647,-45.206,-57.251,59.67244389,-113.6513755,No
3AHW,38,TYR,4.68983262,70.4,-0.577908199,-0.523100157,-0.119251425,1.049025266,4,75.471,99.291,-30.912,-63.968,162.2302833,165.9547024,No
3AHW,68,GLY,4.838063042,1.49,-0.655793312,-0.678870382,-0.612523805,-0.621177706,4,101.046,109.522,37.064,59.534,-157.4618888,110.4408476,No
3AHW,77,TYR,4.943085979,70.4,0.87017797,1.132679646,1.510566674,2.404803153,4,73.24,96.255,56.258,-135.451,177.8249063,104.147849,No
3AHW,91,THR,4.547905122,50,0.861524068,1.020178928,1.426912294,2.194224885,3,81.379,84.151,-38.559,-91.177,177.9116903,137.3338578,No
3L1F,101,GLU,4.49285633,69.4,-0.832231604,-0.880867307,-0.608867632,-0.302642833,2,59.883,58.577,139.256,-112.403,163.9739037,-175.7615482,Yes
3L1F,123,VAL,3.864116199,233,-0.176550269,0.018893206,0.262972384,0.483634372,3,42.58,60.85,4.516,-96.836,-72.5536125,162.1320675,No
3O1Y,103,GLU,4.951669617,60.8,-0.148501831,-0.47661348,-0.610424377,-0.612257403,1,62.675,57.609,5.331,-116.09,157.3445817,134.1190577,Yes
3O1Y,31,LEU,3.265493531,181,-1.153000065,-1.107174416,-0.760732506,-0.868881039,4,10.005,14.302,140.469,-58.89,47.77990827,88.7752006,No
3O1Y,54,LYS,4.91853342,53.5,1.651529676,1.823834118,2.085956832,2.478224391,3,79.229,85.19,8.37,-114.938,166.5617084,158.4934679,Yes
3O1Y,52,LYS,4.145019903,55.9,1.061295312,0.65253052,0.592040663,0.841332195,1,15.091,23.043,-48.489,-63.292,80.87551942,-36.21136267,No
3O1Y,70,PRO,4.153633349,999,-0.190661428,-0.135670649,-0.055017506,0.52055265,4,27.84,41.533,81.521,-165.435,69.69041194,164.1083978,No
4DFX,2,ALA,4.587574741,21.1,1.817996877,1.718368863,1.936997005,1.884415553,1,94.756,135.205,-41.385,-66.869,178.9017311,109.0463765,Yes
4DFX,36,THR,4.332556982,39.8,-0.36136593,-0.376586877,-0.163493625,-0.041726052,4,78.241,95.546,55.545,57.631,69.65345794,-138.3723786,No
4DFX,90,GLU,4.44899719,56.7,-1.132099317,-1.079517865,-1.069831808,-0.867808335,1,14.464,20.003,-47.005,-59.368,167.9711964,159.8693388,No
4DFX,99,PHE,3.705085829,66.6,-0.761261709,-0.66440114,-0.448540443,0.046832183,4,74.152,100.836,107.61,-156.034,50.21503557,-143.2864729,No
4DFX,113,SER,4.656544749,17,0.369239506,0.473018687,0.663972381,0.865995854,4,32.166,46.09,-35.779,-58.513,155.0769459,170.5217999,No
4DFX,115,LEU,4.411090908,110,-0.297714699,-0.181482016,-0.094307504,0.099413635,2,7.727,11.798,160.422,-128.779,178.6269636,134.3454225,No
4DFX,171,LEU,4.911321818,130,-1.244180833,-1.251099445,-1.342425124,-1.29399484,1,7.684,11.732,12.477,-103.834,161.0690575,168.5925544,No
4DFX,216,LYS,3.309311409,55.1,-0.730819816,-0.631191802,-0.393191546,-0.116447063,4,41.246,60.426,-163.535,-138.238,-60.04204103,-163.5769025,No
4DFX,271,LEU,4.747160625,128,-0.549552179,-0.389040379,-0.278342585,-0.011284159,1,24.248,37.024,-27.03,-82.408,158.6258679,-67.62225438,No
4DFX,283,LEU,4.438237713,104,0.632146765,0.493774523,0.538053641,0.717937555,4,37.198,35.836,11.723,-119.541,73.92886272,45.44907411,No
4DFX,286,GLY,4.896498136,1.02,0.693030551,0.939333142,1.090158885,1.617357126,3,66.792,91.094,5.123,-88.292,162.0631984,-66.63713492,No
4DFX,289,ASP,4.78854362,33.5,0.183820702,0.264076602,0.536669918,0.882600523,1,27.976,40.213,-25.903,-64.884,162.592132,158.7849572,No
4DFX,293,HIS,4.854944284,10.5,0.048215905,0.175518367,0.412134901,0.882600523,3,69.012,67.673,2.198,-94.216,162.643706,155.5980512,No
4DFX,326,PHE,4.836607282,52.2,-0.24651697,-0.119214507,-0.182865739,0.066204296,3,10.464,6.55,5.641,-87.981,170.2142261,-53.98069678,No
4DFX,340,GLU,4.583035784,58.6,1.21884507,1.478984884,1.639496685,1.981276122,4,54.384,81.476,137.729,-114.036,177.0278271,111.150687,No
4ICB,56,GLY,3.817965034,1.02,0.295701212,0.221733072,0.109218154,0.212356828,3,70.289,67.93,-1.839,-80.932,-57.5886015,154.3278396,Yes
7RSA,67,GLY,3.640727675,1.02,-0.215847024,-0.175072743,-0.02047026,0.0848633,3,76.881,67.477,1.705,-85.292,-48.34476547,153.8829999,Yes
7RSA,24,TYR,4.853581152,64.7,-0.776493391,-0.570923057,0.232670069,1.160284967,3,50.029,76.388,-3.314,-87.939,146.162726,116.0467534,No
7RSA,34,LEU,4.663234178,128,-0.418019502,-0.536944489,-0.309288086,-0.139395247,3,56.351,72.847,29.165,67.718,86.02070988,-139.2866972,No
7RSA,44,THR,3.183034244,49.9,-0.917504447,-1.036429434,-0.954880872,-0.626987694,2,2.365,0.487,153.595,-159.2,68.69829714,-121.7434051,No
7RSA,62,VAL,3.42168102,246,0.254756138,0.229272212,0.720262515,1.138198898,2,63.613,65.734,132.874,-70.799,53.89047411,61.98593992,No
7RSA,71,CYS,4.134035075,55.5,-0.584514484,-0.587912341,-0.397632362,-0.192062027,4,21.811,31.254,25.538,-99.553,-63.59683447,139.0847539,No
7RSA,94,CYS,4.92321328,60,0.064476159,0.468821115,1.306392808,1.918007027,4,81.641,116.171,72.471,-93.874,173.508443,125.2476105,No
7RSA,103,LYS,4.761170654,55.9,0.098454727,0.292132563,1.231639959,1.994458804,2,77.46,88.307,106.136,-131.957,163.6147441,-97.18073636,No
7RSA,113,PRO,3.730883273,999,1.345468161,1.403231726,2.427685542,3.266956164,3,112.239,124.218,110.976,-135.727,51.08198531,69.38781072,No
1ACC,713,GLY,3.688812953,1.45,3.168999651,3.35461899,3.629440556,4.056430627,4,106.198,112.488,-54.104,-164.012,69.64235124,-0.154983256,Yes
1ACC,719,GLY,4.639090536,1.04,0.688390672,0.864827429,1.417094156,1.83162215,3,70.765,88.22,126.786,-72.3,164.0282336,60.34311407,Yes
1ACC,28,PHE,4.808838945,72.4,1.026178515,1.060285249,1.583036533,1.945748528,3,62.915,87.289,47.609,-121.028,-132.2200598,-100.3463101,No
1ACC,52,ILE,4.730370387,279,0.944191175,1.127186919,1.2911616,1.459727573,3,10.221,14.598,3.338,-75.382,-168.3111148,151.8721921,No
1ACC,85,HIS,3.597967621,9.7,0.780216493,0.799893455,1.163261349,1.567950862,1,77.893,78.466,-27.575,-65.006,-85.88230452,9.038334122,No
1ACC,104,LYS,4.505788943,55.5,2.221881892,2.467843914,2.687569987,2.913855047,4,78.806,113.289,162.433,-121.533,-169.7695498,-51.51019422,No
1ACC,124,PRO,4.38634529,999,2.913199148,2.791857884,2.837114896,2.870565731,4,84.278,110.268,54.761,-104.938,30.17112129,29.61362172,No
1ACC,141,LYS,4.754927549,48.2,0.692981963,0.845806366,1.308214967,1.905082807,4,100.478,105.947,44.515,-81.989,125.4087764,50.19031566,No
1ACC,150,LEU,4.691849316,111,0.038395035,-0.086881622,0.060695592,0.083652047,3,15.507,23.677,-11.378,-104.6,-179.8308189,115.1571267,No
1ACC,180,ASP,4.398184739,29.4,-0.616191893,-0.553881514,-0.491571135,-0.065236964,4,26.941,41.137,26.455,61.391,66.9128082,52.66615926,No
1ACC,198,LYS,3.662338188,53.5,1.705689595,1.726022455,1.981822958,2.313051815,4,102.895,102.861,-23.494,-68.471,-80.58139088,28.96127248,No
1ACC,209,ILE,2.966917929,285,1.559424179,1.739796329,2.024456375,2.26385941,1,80.033,95.689,-47.446,-48.338,-52.4704027,124.2633499,No
1ACC,246,VAL,4.792183636,246,-0.692932044,-0.600450324,-0.908066826,-0.847724143,3,37.521,49.358,-1.534,-93.498,174.5365386,-63.74826178,No
1ACC,268,ILE,3.858305457,279,-0.552569717,-0.600450324,-0.326940555,0.054136604,2,34.024,51.951,164.31,-165.733,-71.26528476,-138.1080639,No
1ACC,274,GLU,2.958506042,72.5,2.197613639,1.93459825,2.071681084,2.309772321,3,37.572,33.382,165.453,-65.736,71.31883688,-151.1896697,No
1ACC,292,THR,3.136828494,58.1,-0.662760703,-0.474517768,-0.088849318,0.784807784,2,62.48,87.371,148.957,-85.227,62.88304719,-119.4698954,No
1ACC,326,SER,4.900897673,15.1,1.241313297,1.323300638,1.077994515,1.073403224,4,29.603,25.613,46.45,-121.779,-176.664365,-68.28073562,No
1ACC,328,SER,4.604727679,15.1,-0.320381568,-0.214781873,-0.081634432,0.254185716,2,10.027,9.328,147.394,-99.891,-171.8787306,117.82097,No
1ACC,353,THR,4.134766015,46.1,1.983134756,2.277633283,2.542616368,2.714461834,4,53.129,79.04,158.258,-133.535,-85.60882504,85.33756597,No
1ACC,361,ALA,3.399474371,25.1,-0.692932044,-0.718512094,-0.658169412,-0.555193312,2,22.045,33.156,160.38,-133.454,91.09311745,1.957735619,No
1ACC,363,ILE,4.523141718,300,-0.875927788,-0.845756447,-0.937582269,-0.681125867,2,31.411,47.961,132.844,-104.891,157.3912254,135.0020298,No
1ACC,368,THR,3.777276929,49.9,-1.05498814,-1.064170723,-1.234048492,-1.273402416,2,0.639,0,110.314,-107.378,70.34679209,170.1531514,No
1ACC,376,VAL,3.840267439,241,-0.738844955,-0.718512094,-0.688340753,-0.59192364,4,8.392,12.813,6.617,-130.75,-67.95718934,176.3280555,No
1ACC,409,TYR,3.226010539,63.6,-1.035967077,-0.870680599,-0.748027537,-0.677190475,2,38.677,58.552,-177.531,-147.905,93.31734971,-48.01470978,No
1ACC,415,LEU,3.721344381,119,-0.549946122,-0.553225615,-0.774919385,-0.838541561,3,91.547,93.349,3.768,-90.686,-62.66255383,149.402515,No
1ACC,422,ALA,4.842202288,25.1,-0.338746732,-0.439755136,0.014782681,0.084963844,4,6.142,2.065,101.488,-127.294,172.2832902,-2.959841897,No
1ACC,435,TYR,3.514577357,74,0.202369716,0.09742592,-0.039656913,0.173510172,4,45.776,67.359,-178.258,-77.143,-59.22315118,-144.115064,No
1ACC,458,ILE,4.49603125,287,-0.601106222,-0.717200297,-0.888389864,-0.714576702,2,16.07,24.538,154.255,-84.582,178.1964537,-61.86260327,No
1ACC,463,PHE,3.587577734,58,-0.289554328,-0.130170938,-0.113117571,0.172854274,2,30.918,46.168,116.138,-111.046,57.0414687,95.15749272,No
1ACC,466,GLY,3.767102467,1.45,0.448987637,0.510642117,0.681831684,0.647069052,3,53.503,70.671,-6.07,-98.784,-77.1560326,-137.2580886,No
1ACC,476,TRP,3.405822808,76.8,-1.099589254,-0.99858085,-0.896916548,-0.590611843,2,28.83,42.525,132.875,-135.773,67.02359579,113.33135,No
1ACC,494,GLY,3.755591565,1.15,-0.801155334,-0.999236749,-0.932990977,-1.070073811,4,0,0,11.422,-115.738,-50.67980846,-177.1341738,No
1ACC,499,LEU,4.5685675,155,-0.721135689,-0.704082322,-0.688996652,-0.224620354,4,40.108,59.678,149.943,-85.89,177.6515382,139.1684495,No
1ACC,509,PRO,3.926114746,999,1.098327375,0.919922922,1.074715021,1.369213549,4,54.988,60.332,103.418,-80.815,78.40276587,117.5608604,No
1ACC,534,GLU,3.621627259,62.4,-0.354488302,-0.50468911,-0.421389972,-0.375477061,4,43.622,66.606,170.728,-150.853,-58.26866284,164.3077754,No
1ACC,537,GLY,4.916645401,1.18,0.338796651,0.609682825,1.179002918,1.611896077,3,93.405,105.579,27.255,-134.202,165.2229937,-61.10338171,No
1ACC,539,LEU,4.782159868,104,-0.163621773,-0.038345116,0.345355638,0.737583076,4,63.762,94.821,116.297,-93.691,-178.3835361,-56.01811821,No
1ACC,553,PHE,4.003626481,69.5,-0.868057004,-0.732285967,-0.409583795,0.162359894,2,20.895,31.904,136.756,-131.565,119.6495326,95.53700801,No
1ACC,561,ILE,3.607252417,287,-0.418766377,-0.316446176,-0.212158278,0.190563539,1,30.767,39.352,-52.324,-59.21,57.14412959,119.0224727,No
1ACC,570,ALA,4.922632426,25.1,0.671337305,0.717906114,0.978297908,1.339042207,3,98.919,108.785,28.121,60.962,153.9084479,117.2163374,No
1ACC,573,ILE,3.379210707,279,0.285668854,0.251562121,0.144650628,0.206305109,4,49.227,72.628,143.174,-123.435,78.05263086,76.53164619,No
1ACC,584,ALA,4.522441266,25.1,-0.547322527,-0.601106222,-0.358423694,0.057416098,4,16.053,24.511,155.464,-124.15,178.7889582,1.551922265,No
1ACC,588,ILE,4.74981747,275,-1.105492342,-0.816896903,-0.595203134,-0.39121863,2,4.961,7.575,114.434,-132.401,176.659492,107.6559196,No
1ACC,602,ILE,4.889690379,287,-1.037278875,-1.19928586,-1.228801303,-1.01891371,4,1.596,0.975,33.278,66.128,153.1566985,112.6905606,No
1ACC,621,SER,3.148985551,14.5,-0.138697621,-0.215437772,-0.234458835,0.209584602,2,56.386,80.907,152.801,-164.942,70.79749668,83.63718715,No
1ACC,630,ILE,4.696452065,391,-0.480420857,-0.357111897,-0.13935352,-0.157062785,4,40.634,50.179,106.989,-111.608,156.9092065,143.32564,No
1ACC,657,ASP,4.407314035,33.8,-0.372197567,-0.460087996,-0.666696095,-0.574870273,3,2.024,3.09,67.999,-99.991,-68.99240099,150.8298903,No
1ACC,664,ILE,4.301408723,391,-0.784101967,-0.715888499,-0.389250934,-0.142633013,4,23.342,27.188,62.434,-75.41,-63.10461321,130.4234348,No
1ACC,682,ASP,4.416158851,28.4,0.171542476,0.058727895,-0.032442027,0.053480706,3,24.138,30.387,36.818,-133.254,71.48458253,-122.9316012,No
1ACC,691,PRO,3.341041454,999,0.384053663,0.353226423,0.253529817,0.161048097,4,36.729,56.082,135.313,-138.001,52.64667558,76.29176334,No
1ACC,693,TYR,4.878044485,114,-0.640460146,-0.48894754,-0.095408305,-0.118364761,3,49.614,71.856,7.925,-99.996,160.0759248,94.80904017,No
1ACC,697,VAL,4.704522718,291,-0.723759284,-0.961194623,-0.986774673,-0.48894754,2,2.278,3.478,137.178,-108.328,-170.2143643,-37.57627004,No
1ACC,705,THR,4.878188803,36.8,-0.671943285,-0.715888499,-0.744748043,-0.974312597,1,25.11,30.408,10.1,-108.499,168.4238574,-37.27162977,No
1ACC,709,PRO,4.288019706,999,0.248938526,0.101361312,0.084963844,0.24697083,4,26.107,31.51,165.758,-157.097,162.7340975,-55.64960345,No
1B1I,61,GLY,4.485645884,1.02,-0.288921307,-0.047354617,0.180791702,0.241536542,4,10.135,15.475,25.233,-155.132,75.10076005,-144.7078152,Yes
1B1I,109,GLY,4.963358238,1.45,0.263432938,0.195624744,0.361613552,0.479571555,3,101.617,108.214,43.619,44.466,175.9752826,150.8703346,Yes
1B1I,3,SER,4.75500673,17,1.483980426,1.75380053,2.034922,2.357717256,3,48.682,55.39,108.834,39.912,-122.8996369,-109.1300633,No
1B1I,49,LYS,3.605286812,48.2,0.360907216,0.33901082,0.776938738,1.25230243,4,63.191,78.667,126.177,-72.41,74.08684247,-17.87330804,No
1B1I,59,LYS,4.846023112,77.8,1.216985663,1.318697953,1.685992336,2.210799503,3,70.807,97.094,-11.308,-80.563,148.3206596,-129.0260068,No
1B1I,43,THR,3.420916544,46.3,-0.923916789,-1.017153055,-0.950757532,-0.774173694,2,0,0,133.863,-155.066,72.01628432,-103.4112771,No
1B1I,63,PRO,4.349657113,999,-0.187209017,-0.252898204,-0.228882802,-0.062893995,2,46.777,71.423,146.836,-137.502,154.5447156,1.695092251,No
1B1I,68,LEU,4.132533121,130,0.307932065,0.515594658,0.783295757,0.997315368,3,78.197,96.189,26.109,-129.552,-87.80653298,179.4709835,No
1B1I,102,VAL,3.908672409,247,-1.382328432,-1.089905596,-1.079310566,-1.041168457,4,25.953,38.115,158.452,-76.271,-64.30596316,164.3954462,No
3GLY,182,GLY,3.821754178,1.23,-0.628653597,-0.613841516,-0.383431363,-0.421284459,2,55.571,65.188,105.615,-88.954,51.69044909,27.23475288,Yes
3GLY,69,GLY,4.992828257,1,0.776848336,0.699496356,0.653414326,1.076381535,3,71.145,60.594,3.67,-84.888,162.7633433,150.6834022,No
3GLY,313,GLY,4.852247108,1.49,0.526688742,0.561250264,1.137275647,2.160955041,1,79.756,110.972,-4.697,95.464,146.098477,129.2007016,No
3GLY,145,GLY,4.89430373,1.53,0.176136152,0.187656659,0.640248031,0.829513514,3,54.208,53.578,14.433,-105.427,163.3265647,69.63461242,No
3GLY,395,GLY,3.777543514,0.96,0.528334528,0.54808397,1.01219585,1.227793921,3,76.882,90.588,5.022,-90.223,-57.34515752,171.7312578,No
3GLY,236,PHE,4.492327348,65.6,0.085617877,-0.129980195,-0.541426896,-0.847543242,2,8.089,4.518,148.49,-149.391,-166.8823507,95.97424748,No
3GLY,110,VAL,4.521065914,203,-0.673089841,-0.554593191,-0.809690146,-0.633590958,4,29.093,44.422,154.007,-73.691,172.8499791,119.7926048,No
3GLY,430,SER,4.86882799,14.3,0.051056354,0.028015339,0.5069393,0.449336762,3,58.014,61.083,5.42,-90.895,167.5516713,156.8551437,No
3GLY,292,ASP,4.81221342,32.1,1.579992298,1.384143668,0.806472499,0.345652193,1,4.15,1.95,-5.915,-95.862,165.0823974,156.8006601,No
3GLY,315,PRO,4.451361814,999,-0.362036134,-0.161250144,-0.358744561,0.131699908,4,0.958,1.462,167.425,-137.529,-173.5654548,103.8992952,No
3GLY,45,PRO,4.958375843,999,0.887116052,1.120817779,1.849901334,2.534548646,4,101.126,120.476,75.013,36.322,178.9584219,120.1146158,No
3GLY,277,HIS,3.753814593,9.3,-0.608904155,-0.732338166,-0.526614815,-0.689547709,1,0.66,1.008,-44.474,-60.481,54.14376897,-110.1908811,No
3GLY,247,THR,3.484192876,50,-0.842605882,-0.888687913,-0.760316542,-0.561176338,1,0,0,-44.469,-48.882,33.7300016,157.9444795,No
3GLY,9,GLU,4.004047078,59.7,1.370977374,1.487828237,2.304138493,2.835727632,1,69.128,104.04,-49.026,-66.442,82.69894251,79.18651311,No
3GLY,427,ARG,4.553343167,57.8,-0.07073187,-0.019712478,0.557958691,0.803180925,1,19.947,30.457,-50.459,-54.956,152.6613157,-15.24726136,No
3GLY,93,PRO,3.722257648,999,-0.74550446,-0.7405671,-0.515094307,-1.071370248,4,11.071,0,175.741,-150.294,-55.49103499,-117.0555534,No
3GLY,21,ILE,4.970769558,287,-0.528260602,-0.421284459,-0.320891464,-0.388368723,3,0,0,14.6,-104.255,154.919924,-2.61934776,No
3GLY,161,ASP,4.567985661,34.7,-1.066432888,-0.990726695,-1.071370248,-1.068078675,1,0.33,0.504,-54.587,-60.413,158.6908526,154.9995363,No